<?xml version="1.0" encoding="UTF-8"?>
<gresources>
  <gresource prefix="/org/gnome/theme">
    <file>assets/checkbox-checked.png</file>
    <file>assets/checkbox-checked@2.png</file>
    <file>assets/checkbox-checked-insensitive.png</file>
    <file>assets/checkbox-checked-insensitive@2.png</file>
    <file>assets/checkbox-unchecked.png</file>
    <file>assets/checkbox-unchecked@2.png</file>
    <file>assets/checkbox-unchecked-insensitive.png</file>
    <file>assets/checkbox-unchecked-insensitive@2.png</file>
    <file>assets/checkbox-mixed.png</file>
    <file>assets/checkbox-mixed@2.png</file>
    <file>assets/checkbox-mixed-insensitive.png</file>
    <file>assets/checkbox-mixed-insensitive@2.png</file>
    <file>assets/radio-checked.png</file>
    <file>assets/radio-checked@2.png</file>
    <file>assets/radio-checked-insensitive.png</file>
    <file>assets/radio-checked-insensitive@2.png</file>
    <file>assets/radio-unchecked.png</file>
    <file>assets/radio-unchecked@2.png</file>
    <file>assets/radio-unchecked-insensitive.png</file>
    <file>assets/radio-unchecked-insensitive@2.png</file>
    <file>assets/radio-mixed.png</file>
    <file>assets/radio-mixed@2.png</file>
    <file>assets/radio-mixed-insensitive.png</file>
    <file>assets/radio-mixed-insensitive@2.png</file>
    <file>assets/checkbox-checked-selected.png</file>
    <file>assets/checkbox-checked-selected@2.png</file>
    <file>assets/checkbox-checked-insensitive-selected.png</file>
    <file>assets/checkbox-checked-insensitive-selected@2.png</file>
    <file>assets/checkbox-unchecked-selected.png</file>
    <file>assets/checkbox-unchecked-selected@2.png</file>
    <file>assets/checkbox-unchecked-insensitive-selected.png</file>
    <file>assets/checkbox-unchecked-insensitive-selected@2.png</file>
    <file>assets/checkbox-mixed-selected.png</file>
    <file>assets/checkbox-mixed-selected@2.png</file>
    <file>assets/checkbox-mixed-insensitive-selected.png</file>
    <file>assets/checkbox-mixed-insensitive-selected@2.png</file>
    <file>assets/checkbox-checked-selectionmode.png</file>
    <file>assets/checkbox-checked-selectionmode@2.png</file>
    <file>assets/checkbox-selectionmode.png</file>
    <file>assets/checkbox-selectionmode@2.png</file>
    <file>assets/radio-checked-selected.png</file>
    <file>assets/radio-checked-selected@2.png</file>
    <file>assets/radio-checked-insensitive-selected.png</file>
    <file>assets/radio-checked-insensitive-selected@2.png</file>
    <file>assets/radio-unchecked-selected.png</file>
    <file>assets/radio-unchecked-selected@2.png</file>
    <file>assets/radio-unchecked-insensitive-selected.png</file>
    <file>assets/radio-unchecked-insensitive-selected@2.png</file>
    <file>assets/radio-mixed-selected.png</file>
    <file>assets/radio-mixed-selected@2.png</file>
    <file>assets/radio-mixed-insensitive-selected.png</file>
    <file>assets/radio-mixed-insensitive-selected@2.png</file>
    <file>assets/switch.png</file>
    <file>assets/switch@2.png</file>
    <file>assets/switch-hover.png</file>
    <file>assets/switch-hover@2.png</file>
    <file>assets/switch-active.png</file>
    <file>assets/switch-active@2.png</file>
    <file>assets/switch-active-hover.png</file>
    <file>assets/switch-active-hover@2.png</file>
    <file>assets/switch-insensitive.png</file>
    <file>assets/switch-insensitive@2.png</file>
    <file>assets/switch-active-insensitive.png</file>
    <file>assets/switch-active-insensitive@2.png</file>
    <file>assets/switch-insensitive-dark.png</file>
    <file>assets/switch-insensitive-dark@2.png</file>
    <file>assets/slider-horz-scale-has-marks-below.png</file>
    <file>assets/slider-horz-scale-has-marks-below@2.png</file>
    <file>assets/slider-horz-scale-has-marks-below-hover.png</file>
    <file>assets/slider-horz-scale-has-marks-below-hover@2.png</file>
    <file>assets/slider-horz-scale-has-marks-below-active.png</file>
    <file>assets/slider-horz-scale-has-marks-below-active@2.png</file>
    <file>assets/slider-horz-scale-has-marks-below-insensitive.png</file>
    <file>assets/slider-horz-scale-has-marks-below-insensitive@2.png</file>
    <file>assets/slider-vert-scale-has-marks-below.png</file>
    <file>assets/slider-vert-scale-has-marks-below@2.png</file>
    <file>assets/slider-vert-scale-has-marks-below-hover.png</file>
    <file>assets/slider-vert-scale-has-marks-below-hover@2.png</file>
    <file>assets/slider-vert-scale-has-marks-below-active.png</file>
    <file>assets/slider-vert-scale-has-marks-below-active@2.png</file>
    <file>assets/slider-vert-scale-has-marks-below-insensitive.png</file>
    <file>assets/slider-vert-scale-has-marks-below-insensitive@2.png</file>
    <file>assets/slider-horz-scale-has-marks-above.png</file>
    <file>assets/slider-horz-scale-has-marks-above@2.png</file>
    <file>assets/slider-horz-scale-has-marks-above-hover.png</file>
    <file>assets/slider-horz-scale-has-marks-above-hover@2.png</file>
    <file>assets/slider-horz-scale-has-marks-above-active.png</file>
    <file>assets/slider-horz-scale-has-marks-above-active@2.png</file>
    <file>assets/slider-horz-scale-has-marks-above-insensitive.png</file>
    <file>assets/slider-horz-scale-has-marks-above-insensitive@2.png</file>
    <file>assets/slider-vert-scale-has-marks-above.png</file>
    <file>assets/slider-vert-scale-has-marks-above@2.png</file>
    <file>assets/slider-vert-scale-has-marks-above-hover.png</file>
    <file>assets/slider-vert-scale-has-marks-above-hover@2.png</file>
    <file>assets/slider-vert-scale-has-marks-above-active.png</file>
    <file>assets/slider-vert-scale-has-marks-above-active@2.png</file>
    <file>assets/slider-vert-scale-has-marks-above-insensitive.png</file>
    <file>assets/slider-vert-scale-has-marks-above-insensitive@2.png</file>
    <file>assets/checkbox-checked-dark.png</file>
    <file>assets/checkbox-checked-dark@2.png</file>
    <file>assets/checkbox-checked-insensitive-dark.png</file>
    <file>assets/checkbox-checked-insensitive-dark@2.png</file>
    <file>assets/checkbox-unchecked-dark.png</file>
    <file>assets/checkbox-unchecked-dark@2.png</file>
    <file>assets/checkbox-unchecked-insensitive-dark.png</file>
    <file>assets/checkbox-unchecked-insensitive-dark@2.png</file>
    <file>assets/checkbox-mixed-dark.png</file>
    <file>assets/checkbox-mixed-dark@2.png</file>
    <file>assets/checkbox-mixed-insensitive-dark.png</file>
    <file>assets/checkbox-mixed-insensitive-dark@2.png</file>
    <file>assets/checkbox-checked-selectionmode-dark.png</file>
    <file>assets/checkbox-checked-selectionmode-dark@2.png</file>
    <file>assets/checkbox-selectionmode-dark.png</file>
    <file>assets/checkbox-selectionmode-dark@2.png</file>
    <file>assets/radio-checked-dark.png</file>
    <file>assets/radio-checked-dark@2.png</file>
    <file>assets/radio-checked-insensitive-dark.png</file>
    <file>assets/radio-checked-insensitive-dark@2.png</file>
    <file>assets/radio-unchecked-dark.png</file>
    <file>assets/radio-unchecked-dark@2.png</file>
    <file>assets/radio-unchecked-insensitive-dark.png</file>
    <file>assets/radio-unchecked-insensitive-dark@2.png</file>
    <file>assets/radio-mixed-dark.png</file>
    <file>assets/radio-mixed-dark@2.png</file>
    <file>assets/radio-mixed-insensitive-dark.png</file>
    <file>assets/radio-mixed-insensitive-dark@2.png</file>
    <file>assets/setting.png</file>
    <file>assets/setting@2.png</file>
    <file>assets/setting-dark.png</file>
    <file>assets/setting-dark@2.png</file>
    <file>assets/setting-icon.png</file>
    <file>assets/setting-icon@2.png</file>
    <file>assets/setting-icon-dark.png</file>
    <file>assets/setting-icon-dark@2.png</file>
    <file>assets/combobox-arrow.png</file>
    <file>assets/combobox-arrow@2.png</file>
    <file>assets/combobox-arrow-dark.png</file>
    <file>assets/combobox-arrow-dark@2.png</file>
    <file>assets/paned-separator.png</file>
    <file>assets/paned-separator@2.png</file>
    <file>assets/paned-separator-dark.png</file>
    <file>assets/paned-separator-dark@2.png</file>
    <file>assets/toggle-on.png</file>
    <file>assets/toggle-on@2.png</file>
    <file>assets/toggle-off.png</file>
    <file>assets/toggle-off@2.png</file>
    <file>assets/toggle-on-disabled.png</file>
    <file>assets/toggle-on-disabled@2.png</file>
    <file>assets/toggle-off-disabled.png</file>
    <file>assets/toggle-off-disabled@2.png</file>
    <file>assets/sidebar-view-hover-200px.png</file>
    <file>assets/sidebar-view-hover-200px@2.png</file>
    <file>assets/sidebar-view-active-200px.png</file>
    <file>assets/sidebar-view-active-200px@2.png</file>
    <file>assets/sidebar-view-checked-200px.png</file>
    <file>assets/sidebar-view-checked-200px@2.png</file>
    <file>assets/sidebar-view-hover-200px-dark.png</file>
    <file>assets/sidebar-view-hover-200px-dark@2.png</file>
    <file>assets/sidebar-view-active-200px-dark.png</file>
    <file>assets/sidebar-view-active-200px-dark@2.png</file>
    <file>assets/sidebar-view-checked-200px-dark.png</file>
    <file>assets/sidebar-view-checked-200px-dark@2.png</file>
    <file>assets/sidebar-view-hover-220px.png</file>
    <file>assets/sidebar-view-hover-220px@2.png</file>
    <file>assets/sidebar-view-active-220px.png</file>
    <file>assets/sidebar-view-active-220px@2.png</file>
    <file>assets/sidebar-view-checked-220px.png</file>
    <file>assets/sidebar-view-checked-220px@2.png</file>
    <file>assets/sidebar-view-hover-220px-dark.png</file>
    <file>assets/sidebar-view-hover-220px-dark@2.png</file>
    <file>assets/sidebar-view-active-220px-dark.png</file>
    <file>assets/sidebar-view-active-220px-dark@2.png</file>
    <file>assets/sidebar-view-checked-220px-dark.png</file>
    <file>assets/sidebar-view-checked-220px-dark@2.png</file>
    <file>assets/sidebar-view-hover-240px.png</file>
    <file>assets/sidebar-view-hover-240px@2.png</file>
    <file>assets/sidebar-view-active-240px.png</file>
    <file>assets/sidebar-view-active-240px@2.png</file>
    <file>assets/sidebar-view-checked-240px.png</file>
    <file>assets/sidebar-view-checked-240px@2.png</file>
    <file>assets/sidebar-view-hover-240px-dark.png</file>
    <file>assets/sidebar-view-hover-240px-dark@2.png</file>
    <file>assets/sidebar-view-active-240px-dark.png</file>
    <file>assets/sidebar-view-active-240px-dark@2.png</file>
    <file>assets/sidebar-view-checked-240px-dark.png</file>
    <file>assets/sidebar-view-checked-240px-dark@2.png</file>
    <file>assets/sidebar-view-hover-260px.png</file>
    <file>assets/sidebar-view-hover-260px@2.png</file>
    <file>assets/sidebar-view-active-260px.png</file>
    <file>assets/sidebar-view-active-260px@2.png</file>
    <file>assets/sidebar-view-checked-260px.png</file>
    <file>assets/sidebar-view-checked-260px@2.png</file>
    <file>assets/sidebar-view-hover-260px-dark.png</file>
    <file>assets/sidebar-view-hover-260px-dark@2.png</file>
    <file>assets/sidebar-view-active-260px-dark.png</file>
    <file>assets/sidebar-view-active-260px-dark@2.png</file>
    <file>assets/sidebar-view-checked-260px-dark.png</file>
    <file>assets/sidebar-view-checked-260px-dark@2.png</file>
    <file>assets/sidebar-view-hover-280px.png</file>
    <file>assets/sidebar-view-hover-280px@2.png</file>
    <file>assets/sidebar-view-active-280px.png</file>
    <file>assets/sidebar-view-active-280px@2.png</file>
    <file>assets/sidebar-view-checked-280px.png</file>
    <file>assets/sidebar-view-checked-280px@2.png</file>
    <file>assets/sidebar-view-hover-280px-dark.png</file>
    <file>assets/sidebar-view-hover-280px-dark@2.png</file>
    <file>assets/sidebar-view-active-280px-dark.png</file>
    <file>assets/sidebar-view-active-280px-dark@2.png</file>
    <file>assets/sidebar-view-checked-280px-dark.png</file>
    <file>assets/sidebar-view-checked-280px-dark@2.png</file>
    <file>windows-assets/titlebutton-close.png</file>
    <file>windows-assets/titlebutton-close@2.png</file>
    <file>windows-assets/titlebutton-close-dark.png</file>
    <file>windows-assets/titlebutton-close-dark@2.png</file>
    <file>windows-assets/titlebutton-close-backdrop.png</file>
    <file>windows-assets/titlebutton-close-backdrop@2.png</file>
    <file>windows-assets/titlebutton-close-backdrop-dark.png</file>
    <file>windows-assets/titlebutton-close-backdrop-dark@2.png</file>
    <file>windows-assets/titlebutton-close-backdrop-hover.png</file>
    <file>windows-assets/titlebutton-close-backdrop-hover@2.png</file>
    <file>windows-assets/titlebutton-close-backdrop-hover-dark.png</file>
    <file>windows-assets/titlebutton-close-backdrop-hover-dark@2.png</file>
    <file>windows-assets/titlebutton-close-hover.png</file>
    <file>windows-assets/titlebutton-close-hover@2.png</file>
    <file>windows-assets/titlebutton-close-hover-dark.png</file>
    <file>windows-assets/titlebutton-close-hover-dark@2.png</file>
    <file>windows-assets/titlebutton-close-active.png</file>
    <file>windows-assets/titlebutton-close-active@2.png</file>
    <file>windows-assets/titlebutton-close-active-dark.png</file>
    <file>windows-assets/titlebutton-close-active-dark@2.png</file>
    <file>windows-assets/titlebutton-maximize.png</file>
    <file>windows-assets/titlebutton-maximize@2.png</file>
    <file>windows-assets/titlebutton-maximize-dark.png</file>
    <file>windows-assets/titlebutton-maximize-dark@2.png</file>
    <file>windows-assets/titlebutton-maximize-backdrop.png</file>
    <file>windows-assets/titlebutton-maximize-backdrop@2.png</file>
    <file>windows-assets/titlebutton-maximize-backdrop-dark.png</file>
    <file>windows-assets/titlebutton-maximize-backdrop-dark@2.png</file>
    <file>windows-assets/titlebutton-maximize-backdrop-hover.png</file>
    <file>windows-assets/titlebutton-maximize-backdrop-hover@2.png</file>
    <file>windows-assets/titlebutton-maximize-backdrop-hover-dark.png</file>
    <file>windows-assets/titlebutton-maximize-backdrop-hover-dark@2.png</file>
    <file>windows-assets/titlebutton-maximize-hover.png</file>
    <file>windows-assets/titlebutton-maximize-hover@2.png</file>
    <file>windows-assets/titlebutton-maximize-hover-dark.png</file>
    <file>windows-assets/titlebutton-maximize-hover-dark@2.png</file>
    <file>windows-assets/titlebutton-maximize-active.png</file>
    <file>windows-assets/titlebutton-maximize-active@2.png</file>
    <file>windows-assets/titlebutton-maximize-active-dark.png</file>
    <file>windows-assets/titlebutton-maximize-active-dark@2.png</file>
    <file>windows-assets/titlebutton-minimize.png</file>
    <file>windows-assets/titlebutton-minimize@2.png</file>
    <file>windows-assets/titlebutton-minimize-dark.png</file>
    <file>windows-assets/titlebutton-minimize-dark@2.png</file>
    <file>windows-assets/titlebutton-minimize-backdrop.png</file>
    <file>windows-assets/titlebutton-minimize-backdrop@2.png</file>
    <file>windows-assets/titlebutton-minimize-backdrop-dark.png</file>
    <file>windows-assets/titlebutton-minimize-backdrop-dark@2.png</file>
    <file>windows-assets/titlebutton-minimize-backdrop-hover.png</file>
    <file>windows-assets/titlebutton-minimize-backdrop-hover@2.png</file>
    <file>windows-assets/titlebutton-minimize-backdrop-hover-dark.png</file>
    <file>windows-assets/titlebutton-minimize-backdrop-hover-dark@2.png</file>
    <file>windows-assets/titlebutton-minimize-hover.png</file>
    <file>windows-assets/titlebutton-minimize-hover@2.png</file>
    <file>windows-assets/titlebutton-minimize-hover-dark.png</file>
    <file>windows-assets/titlebutton-minimize-hover-dark@2.png</file>
    <file>windows-assets/titlebutton-minimize-active.png</file>
    <file>windows-assets/titlebutton-minimize-active@2.png</file>
    <file>windows-assets/titlebutton-minimize-active-dark.png</file>
    <file>windows-assets/titlebutton-minimize-active-dark@2.png</file>
    <file>windows-assets/titlebutton-restore.png</file>
    <file>windows-assets/titlebutton-restore@2.png</file>
    <file>windows-assets/titlebutton-restore-dark.png</file>
    <file>windows-assets/titlebutton-restore-dark@2.png</file>
    <file>windows-assets/titlebutton-restore-backdrop.png</file>
    <file>windows-assets/titlebutton-restore-backdrop@2.png</file>
    <file>windows-assets/titlebutton-restore-backdrop-dark.png</file>
    <file>windows-assets/titlebutton-restore-backdrop-dark@2.png</file>
    <file>windows-assets/titlebutton-restore-backdrop-hover.png</file>
    <file>windows-assets/titlebutton-restore-backdrop-hover@2.png</file>
    <file>windows-assets/titlebutton-restore-backdrop-hover-dark.png</file>
    <file>windows-assets/titlebutton-restore-backdrop-hover-dark@2.png</file>
    <file>windows-assets/titlebutton-restore-hover.png</file>
    <file>windows-assets/titlebutton-restore-hover@2.png</file>
    <file>windows-assets/titlebutton-restore-hover-dark.png</file>
    <file>windows-assets/titlebutton-restore-hover-dark@2.png</file>
    <file>windows-assets/titlebutton-restore-active.png</file>
    <file>windows-assets/titlebutton-restore-active@2.png</file>
    <file>windows-assets/titlebutton-restore-active-dark.png</file>
    <file>windows-assets/titlebutton-restore-active-dark@2.png</file>
    <file>gtk.css</file>
    <file>gtk-dark.css</file>
  </gresource>
</gresources>
