<?xml version="1.0" encoding="UTF-8"?>
<gresources>
  <gresource prefix="/org/gnome/shell/theme">
    <file>assets/calendar-arrow-left.svg</file>
    <file>assets/calendar-arrow-right.svg</file>
    <file>assets/calendar-today.svg</file>
    <file>assets/checkbox.svg</file>
    <file>assets/checkbox-off.svg</file>
    <file>assets/close.svg</file>
    <file>assets/dash-placeholder.svg</file>
    <file>assets/more-results.svg</file>
    <file>assets/noise-texture.svg</file>
    <file>assets/toggle-off.svg</file>
    <file>assets/toggle-on.svg</file>
    <file>assets/window-close.svg</file>
    <file>assets/window-close-hover.svg</file>
    <file>assets/window-close-active.svg</file>
    <file>assets/activities.svg</file>
    <file>assets/startup.svg</file>
    <file>assets/startup@2.svg</file>
    <file>assets/background.jpg</file>
    <file>message-indicator-symbolic.svg</file>
    <file>eye-not-looking-symbolic.svg</file>
    <file>eye-open-negative-filled-symbolic.svg</file>
    <file>pointer-double-click-symbolic.svg</file>
    <file>pointer-drag-symbolic.svg</file>
    <file>pointer-primary-click-symbolic.svg</file>
    <file>pointer-secondary-click-symbolic.svg</file>
    <file>no-events.svg</file>
    <file>no-notifications.svg</file>
    <file>process-working.svg</file>
    <file>gnome-shell.css</file>
  </gresource>
</gresources>
